timestamp,memory_available_kb,memory_free_kb,memory_used_kb,swap_used_kb,swap_total_kb,page_faults_per_sec,swap_in_per_sec,swap_out_per_sec,cpu_usage_percent,disk_read_bytes_per_sec,disk_write_bytes_per_sec,psi_some_avg10,psi_some_avg60,psi_full_avg10,psi_full_avg60
2026-09-15T10:18:50.427,3628156,3666800,382456,80812,2097152,2.95,0,0,0.25,0,0,0.0,0.05,0.0,0.05
2026-09-15T10:18:51.438,3628156,3666800,382456,80812,2097152,0.99,0,0,0.0,0,0,0.0,0.05,0.0,0.05
2026-09-15T10:18:52.483,3628156,3666800,382456,80812,2097152,0.96,0,0,0.0,0,0,0.0,0.05,0.0,0.05
2026-09-15T10:18:53.492,3571960,3610604,438652,80720,2097152,13854.23,17.84,0,3.46,73064.73,0,0.0,0.04,0.0,0.04
2026-09-15T10:18:54.509,3515764,3554408,494848,80720,2097152,12586.31,0,0,2.7,0,0,0.0,0.04,0.0,0.04
2026-09-15T10:18:55.514,3458932,3497576,551680,80720,2097152,12733.17,0,0,2.0,0,0,0.0,0.04,0.0,0.04
2026-09-15T10:18:56.529,3450940,3489584,559672,80720,2097152,3216.6,0,0,0.49,0,0,0.0,0.04,0.0,0.04
2026-09-15T10:18:57.576,3410548,3449192,600064,80720,2097152,9110.11,0,0,1.91,0,0,0.0,0.04,0.0,0.04
2026-09-15T10:18:58.612,3361268,3399912,649344,80720,2097152,12350.12,0,0,2.64,0,0,0.0,0.04,0.0,0.04
2026-09-15T10:18:59.616,3305092,3343716,705520,80720,2097152,12758.45,0,0,2.24,0,0,0.0,0.04,0.0,0.04
2026-09-15T10:19:00.645,3256708,3295332,753904,80720,2097152,12436.22,0,0,2.66,0,0,0.0,0.04,0.0,0.04
2026-09-15T10:19:01.689,3208324,3246948,802288,80720,2097152,12261.66,0,0,1.92,0,0,0.0,0.04,0.0,0.04
2026-09-15T10:19:02.736,3151876,3190500,858736,80720,2097152,12229.43,0,0,2.38,0,0,0.0,0.04,0.0,0.04
2026-09-15T10:19:03.784,3103492,3142116,907120,80720,2097152,12208.85,0,0,1.91,0,0,0.0,0.04,0.0,0.04
2026-09-15T10:19:04.790,3055140,3093764,955472,80720,2097152,12736.02,0,0,2.72,0,0,0.0,0.04,0.0,0.04
2026-09-15T10:19:05.826,2998692,3037316,1011920,80720,2097152,12355.63,0,0,2.66,0,0,0.0,0.04,0.0,0.04
2026-09-15T10:19:06.870,2950376,2989000,1060236,80720,2097152,12258.22,0,0,2.4,0,0,0.0,0.03,0.0,0.03
2026-09-15T10:19:07.913,2901992,2940616,1108620,80720,2097152,12272.87,0,0,2.39,0,0,0.0,0.03,0.0,0.03
2026-09-15T10:19:08.958,2845388,2884012,1165224,80720,2097152,12252.65,0,0,2.4,0,27443.8,0.0,0.03,0.0,0.03
2026-09-15T10:19:09.961,2789040,2827664,1221572,80720,2097152,12729.27,0,0,2.48,0,0,0.0,0.03,0.0,0.03
2026-09-15T10:19:08.490,2780976,2819600,1229636,80720,2097152,1450.34,0,0,0.48,0,0,0.0,0.03,0.0,0.03
2026-09-15T10:19:09.503,2732560,2771184,1278052,80720,2097152,11165.52,0,0,1.98,0,0,0.0,0.03,0.0,0.03
2026-09-15T10:19:10.511,2676144,2714768,1334468,80720,2097152,12695.62,0,0,2.48,0,0,0.0,0.03,0.0,0.03
2026-09-15T10:19:11.554,2627752,2666376,1382860,80720,2097152,12278.19,0,0,2.16,0,3928.41,0.0,0.03,0.0,0.03
2026-09-15T10:19:12.586,2571312,2609936,1439300,80720,2097152,12405.28,0,0,1.95,0,0,0.0,0.03,0.0,0.03
2026-09-15T10:19:13.594,2522928,2561552,1487684,80720,2097152,12695.03,0,0,2.23,0,20310.46,0.0,0.03,0.0,0.03
2026-09-15T10:19:14.639,2474548,2513168,1536064,80720,2097152,12248.76,0,0,2.15,0,0,0.0,0.03,0.0,0.03
2026-09-15T10:19:15.681,2418100,2456720,1592512,80720,2097152,12281.95,0,0,2.16,0,0,0.0,0.03,0.0,0.03
2026-09-15T10:19:16.692,2369716,2408336,1640896,80720,2097152,12667.11,0,0,2.23,0,0,0.0,0.03,0.0,0.03
2026-09-15T10:19:17.697,2321332,2359952,1689280,80720,2097152,12738.05,0,0,2.0,0,0,0.0,0.03,0.0,0.03
2026-09-15T10:19:18.716,2272948,2311568,1737664,80720,2097152,12556.27,0,0,2.21,0,0,0.0,0.03,0.0,0.03
2026-09-15T10:19:19.729,2224564,2263184,1786048,80720,2097152,12646.51,0,0,2.22,0,0,0.0,0.02,0.0,0.02
2026-09-15T10:19:20.743,2200440,2239060,1810172,80720,2097152,5994.81,0,0,1.23,0,0,0.0,0.02,0.0,0.02
2026-09-15T10:19:21.749,2168116,2206736,1842496,80720,2097152,6680.46,0,0,1.24,0,0,0.0,0.02,0.0,0.02
2026-09-15T10:19:22.768,2111668,2150288,1898944,80720,2097152,12556.25,0,0,2.21,0,0,0.0,0.02,0.0,0.02
2026-09-15T10:19:23.786,2063284,2101904,1947328,80720,2097152,12573.64,0,0,2.21,0,0,0.0,0.02,0.0,0.02
2026-09-15T10:19:24.804,2014900,2053520,1995712,80720,2097152,12582.22,0,0,2.22,0,0,0.0,0.02,0.0,0.02
2026-09-15T10:19:25.821,1956640,1995280,2053972,80720,2097152,12582.39,0,0,2.21,0,0,0.0,0.02,0.0,0.02
2026-09-15T10:19:26.870,1908528,1947148,2102084,80720,2097152,12211.32,0,0,1.91,0,0,0.0,0.02,0.0,0.02
2026-09-15T10:19:27.915,1860144,1898764,2150468,80720,2097152,12248.15,0,0,2.39,0,0,0.0,0.02,0.0,0.02
2026-09-15T10:19:28.929,1803696,1842316,2206916,80720,2097152,12623.57,0,0,2.46,0,0,0.0,0.02,0.0,0.02
2026-09-15T10:19:29.963,1755312,1793932,2255300,80720,2097152,12380.9,0,0,1.94,0,0,0.0,0.02,0.0,0.02
2026-09-15T10:19:30.987,1706928,1745548,2303684,80720,2097152,12493.82,0,0,2.67,0,0,0.0,0.02,0.0,0.02
2026-09-15T10:19:32.004,1650480,1689100,2360132,80720,2097152,12584.19,0,0,1.97,0,0,0.0,0.02,0.0,0.02
2026-09-15T10:19:33.011,1602096,1640716,2408516,80720,2097152,12713.44,0,0,2.24,0,0,0.0,0.02,0.0,0.02
2026-09-15T10:19:34.014,1569980,1608600,2440632,80720,2097152,7995.82,0,0,1.5,0,0,0.0,0.02,0.0,0.02
2026-09-15T10:19:35.017,1553712,1592332,2456900,80720,2097152,4771.3,0,0,1.0,0,0,0.0,0.02,0.0,0.02
2026-09-15T10:19:36.036,1497264,1535884,2513348,80720,2097152,12559.94,0,0,2.21,0,0,0.0,0.02,0.0,0.02
2026-09-15T10:19:37.052,1448880,1487500,2561732,80720,2097152,12591.94,0,0,2.46,0,0,0.0,0.02,0.0,0.02
2026-09-15T10:19:38.055,1401484,1440104,2609128,80720,2097152,12767.39,0,0,2.01,0,0,0.0,0.02,0.0,0.02
2026-09-15T10:19:39.064,1347112,1385732,2663500,80720,2097152,12683.82,0,0,2.47,0,32468.05,0.0,0.02,0.0,0.02
2026-09-15T10:19:40.069,1299408,1338028,2711204,80720,2097152,12736.55,0,0,2.24,0,0,0.0,0.02,0.0,0.02
2026-09-15T10:19:38.616,1242960,1281580,2767652,80720,2097152,12298.0,0,0,2.4,0,0,0.0,0.01,0.0,0.01
2026-09-15T10:19:39.657,1194576,1233196,2816036,80720,2097152,12299.52,0,0,2.4,0,0,0.0,0.01,0.0,0.01
2026-09-15T10:19:40.686,1146192,1184812,2864420,80720,2097152,12439.0,0,0,2.67,0,0,0.0,0.01,0.0,0.01
2026-09-15T10:19:41.751,1089744,1128364,2920868,80720,2097152,12011.3,0,0,2.11,0,0,0.0,0.01,0.0,0.01
2026-09-15T10:19:42.788,1041360,1079980,2969252,80720,2097152,12350.87,0,0,2.41,0,19759.85,0.0,0.01,0.0,0.01
2026-09-15T10:19:43.817,1041360,1079980,2969252,80720,2097152,844.34,0,0,0.24,0,0,0.0,0.01,0.0,0.01
2026-09-15T10:19:44.821,992976,1031596,3017636,80720,2097152,11884.61,0,0,2.73,0,0,0.0,0.01,0.0,0.01
2026-09-15T10:19:45.828,936528,975148,3074084,80720,2097152,12714.01,0,0,2.23,0,0,0.0,0.01,0.0,0.01
2026-09-15T10:19:46.839,888144,926764,3122468,80720,2097152,12657.16,0,0,2.23,0,0,0.0,0.01,0.0,0.01
2026-09-15T10:19:47.842,839760,878380,3170852,80720,2097152,12769.36,0,0,2.24,0,0,0.0,0.01,0.0,0.01
2026-09-15T10:19:48.847,783312,821932,3227300,80720,2097152,12736.08,0,0,2.24,0,0,0.0,0.01,0.0,0.01
2026-09-15T10:19:49.859,734928,773548,3275684,80720,2097152,12645.7,0,0,1.99,0,0,0.0,0.01,0.0,0.01
2026-09-15T10:19:50.898,686544,725164,3324068,80720,2097152,12319.53,0,0,2.16,0,0,0.0,0.01,0.0,0.01
2026-09-15T10:19:51.938,630096,668716,3380516,80720,2097152,12312.98,0,0,2.17,0,0,0.0,0.01,0.0,0.01
2026-09-15T10:19:52.979,581712,620332,3428900,80720,2097152,12296.34,0,0,2.16,0,0,0.0,0.01,0.0,0.01
2026-09-15T10:19:53.983,532304,570920,3478308,80720,2097152,12744.24,0,0,2.24,0,0,0.0,0.01,0.0,0.01
2026-09-15T10:19:54.986,483984,522600,3526628,80720,2097152,12111.29,0,0,2.49,0,0,0.0,0.01,0.0,0.01
2026-09-15T10:19:56.028,483920,522536,3526692,80720,2097152,1501.77,0,0,0.24,0,0,0.0,0.01,0.0,0.01
2026-09-15T10:19:57.037,435536,474152,3575076,80720,2097152,11787.7,0,0,2.48,0,0,0.0,0.01,0.0,0.01
2026-09-15T10:19:58.077,379088,417704,3631524,80720,2097152,12306.12,0,0,2.16,0,0,0.0,0.01,0.0,0.01
2026-09-15T10:19:59.118,330704,369320,3679908,80720,2097152,12299.67,0,0,2.4,0,0,0.0,0.01,0.0,0.01
2026-09-15T10:20:00.137,282320,320936,3728292,80720,2097152,12551.44,0,0,2.21,0,0,0.0,0.01,0.0,0.01
2026-09-15T10:20:01.152,225872,264488,3784740,80720,2097152,12622.72,0,0,2.22,0,0,0.0,0.01,0.0,0.01
2026-09-15T10:20:02.159,177488,216104,3833124,80720,2097152,12708.83,0,0,2.23,0,0,0.0,0.01,0.0,0.01
2026-09-15T10:20:03.194,129104,167720,3881508,80720,2097152,12359.59,0,0,2.17,0,0,0.0,0.01,0.0,0.01
2026-09-15T10:20:04.227,72656,111272,3937956,80720,2097152,12400.86,0,0,2.42,0,0,0.0,0.01,0.0,0.01
2026-09-15T10:20:05.250,24272,62888,3986340,80720,2097152,12506.64,0,0,1.96,0,0,0.0,0.01,0.0,0.01
2026-09-15T10:20:06.267,14040,58500,3996572,81164,2097152,12595.58,0,109.22,6.62,0,447359.96,0.54,0.1,0.54,0.1
2026-09-15T10:20:07.297,0,49672,4010612,82652,2097152,7851.75,0,361.0,10.41,0,1478656.75,0.54,0.1,0.54,0.1
2026-09-15T10:20:08.300,19784,72852,3990828,137076,2097152,4694.78,0,13572.0,12.66,0,55590928.78,0.54,0.1,0.54,0.1
2026-09-15T10:20:09.305,73784,130992,3936828,237996,2097152,12737.39,0,25102.65,8.6,0,102853041.24,3.16,0.59,3.16,0.59
2026-09-15T10:20:07.830,36304,82056,3974308,266332,2097152,13003.46,63.66,7049.3,3.97,15156072.84,28873948.45,3.16,0.59,3.16,0.59
2026-09-15T10:20:08.863,68676,113104,3941936,354448,2097152,12393.49,0,21323.42,6.99,4420959.59,87340715.47,3.67,0.77,3.67,0.77
2026-09-15T10:20:09.866,6356,53236,4004256,314068,2097152,70254.84,7.97,48678.99,26.28,32663.32,184298688.63,3.67,0.77,3.67,0.77
2026-09-15T10:20:10.878,30348,78252,3980264,361412,2097152,226295.85,0,11662.6,28.68,0,62735109.16,5.72,1.23,5.72,1.23
2026-09-15T10:20:11.883,34180,82084,3976432,361412,2097152,186227.56,4.98,0,19.8,20389.3,0,5.72,1.23,5.72,1.23
2026-09-15T10:20:12.886,75656,123860,3934956,439436,2097152,34289.27,0,19441.78,10.5,1845486.06,79633540.27,4.68,1.19,4.68,1.19
2026-09-15T10:20:13.893,59856,108016,3950756,439436,2097152,246275.57,0,0,25.68,4067.86,20339.32,4.68,1.19,4.68,1.19
2026-09-15T10:20:14.908,62900,111060,3947712,439436,2097152,201078.55,0,0,19.46,0,0,4.2,1.22,4.2,1.22
2026-09-15T10:20:15.921,60152,108312,3950460,439436,2097152,55133.83,0,0,6.17,0,0,4.2,1.22,4.2,1.22
2026-09-15T10:20:16.931,60292,108452,3950320,439436,2097152,236328.83,0,0,25.62,0,0,3.44,1.18,3.44,1.18
2026-09-15T10:20:17.937,64824,112984,3945788,439436,2097152,190840.37,0,0,20.84,0,0,3.44,1.18,3.44,1.18
2026-09-15T10:20:18.944,60280,108440,3950332,439436,2097152,44496.69,0,0,4.71,0,0,3.44,1.18,3.44,1.18
2026-09-15T10:20:19.954,35792,83948,3974820,439436,2097152,246068.85,0,0,25.43,0,0,2.81,1.14,2.81,1.14
2026-09-15T10:20:20.963,35704,83860,3974908,439436,2097152,191365.92,0,0,19.31,0,0,2.81,1.14,2.81,1.14
2026-09-15T10:20:21.967,35676,83832,3974936,439436,2097152,54263.29,0,0,5.72,0,0,2.3,1.1,2.3,1.1
2026-09-15T10:20:22.978,35648,83804,3974964,439436,2097152,246272.0,0,0,25.19,0,0,2.3,1.1,2.3,1.1
2026-09-15T10:20:23.992,35668,83824,3974944,439436,2097152,180537.74,0,0,18.97,0,0,1.88,1.07,1.88,1.07
2026-09-15T10:20:25.007,40724,88880,3969888,439436,2097152,52181.1,0,0,6.9,0,0,1.88,1.07,1.88,1.07
2026-09-15T10:20:26.019,40696,88852,3969916,439436,2097152,245504.73,0,0,25.37,0,0,1.54,1.03,1.54,1.03
2026-09-15T10:20:27.030,48400,96556,3962212,439436,2097152,183054.34,0,0,18.47,0,0,1.54,1.03,1.54,1.03
2026-09-15T10:20:28.039,50872,99028,3959740,439436,2097152,76038.18,0,0,7.43,0,0,1.26,1.0,1.26,1.0
2026-09-15T10:20:29.047,52700,100856,3957912,439436,2097152,254129.19,0,0,25.43,0,0,1.26,1.0,1.26,1.0
2026-09-15T10:20:30.051,54024,102180,3956588,439436,2097152,152969.15,0,0,15.96,0,0,1.03,0.96,1.03,0.96
2026-09-15T10:20:31.057,51216,99372,3959396,439436,2097152,88945.87,0,0,9.43,0,0,1.03,0.96,1.03,0.96
2026-09-15T10:20:32.061,46628,94784,3963984,439436,2097152,248573.45,0,0,25.93,0,0,0.84,0.93,0.84,0.93
2026-09-15T10:20:33.071,46860,95016,3963752,439436,2097152,145916.88,0,0,14.57,0,0,0.84,0.93,0.84,0.93
2026-09-15T10:20:34.081,63424,111580,3947188,439436,2097152,88740.39,0,0,10.42,0,0,0.84,0.93,0.84,0.93
2026-09-15T10:20:35.087,62864,111020,3947748,439436,2097152,243663.01,0,0,25.5,0,0,0.69,0.9,0.69,0.9
2026-09-15T10:20:36.093,63084,111240,3947528,439436,2097152,150702.78,0,0,15.63,0,0,0.69,0.9,0.69,0.9
2026-09-15T10:20:37.098,56912,105068,3953700,439436,2097152,97967.68,0,0,9.73,0,0,0.56,0.87,0.56,0.87
2026-09-15T10:20:38.101,56932,105088,3953680,439436,2097152,254566.75,0,0,25.5,0,0,0.56,0.87,0.56,0.87
2026-09-15T10:20:39.142,64728,112884,3945884,439436,2097152,127431.73,0,0,13.4,0,31466.62,0.46,0.84,0.46,0.84
2026-09-15T10:20:37.619,31984,80204,3978628,458540,2097152,110271.27,0,4761.07,14.64,722876.39,19501326.33,0.46,0.84,0.46,0.84
2026-09-15T10:20:38.624,32160,80320,3978452,458540,2097152,246516.9,0,0,25.5,0,0,0.38,0.81,0.38,0.81
2026-09-15T10:20:39.667,38364,86524,3972248,458540,2097152,122753.13,0,0,12.89,0,0,0.38,0.81,0.38,0.81
2026-09-15T10:20:40.671,44036,92196,3966576,458540,2097152,125950.68,0,0,12.72,0,0,0.31,0.79,0.31,0.79
2026-09-15T10:20:41.674,44068,92228,3966544,458540,2097152,253412.64,0,0,25.0,0,0,0.31,0.79,0.31,0.79
2026-09-15T10:20:42.723,42224,90360,3968388,458540,2097152,100799.49,0,0,10.66,0,0,0.25,0.76,0.25,0.76
2026-09-15T10:20:43.730,49492,97564,3961120,458540,2097152,126576.19,0,0,15.92,0,20341.02,0.25,0.76,0.25,0.76
2026-09-15T10:20:44.735,57624,105696,3952988,458540,2097152,240590.18,0,0,25.31,0,0,0.2,0.74,0.2,0.74
2026-09-15T10:20:45.757,61100,109172,3949512,458540,2097152,114757.76,0,0,12.44,0,0,0.2,0.74,0.2,0.74
2026-09-15T10:20:46.760,56912,104984,3953700,458540,2097152,116588.01,0,0,12.75,0,0,0.2,0.74,0.2,0.74
2026-09-15T10:20:47.765,59384,107456,3951228,458540,2097152,252972.18,0,0,25.12,0,0,0.17,0.71,0.17,0.71
2026-09-15T10:20:48.813,69212,117284,3941400,458540,2097152,109948.34,0,0,11.16,0,0,0.17,0.71,0.17,0.71
2026-09-15T10:20:49.820,67780,115852,3942832,458540,2097152,152524.18,0,0,14.89,0,0,0.13,0.69,0.13,0.69
2026-09-15T10:20:50.848,68028,116100,3942584,458540,2097152,241180.94,0,0,25.67,0,0,0.13,0.69,0.13,0.69
2026-09-15T10:20:51.905,73864,121936,3936748,458540,2097152,80333.93,0,0,8.71,0,0,0.11,0.66,0.11,0.66
2026-09-15T10:20:52.907,78332,126404,3932280,458540,2097152,167109.43,0,0,17.25,0,0,0.11,0.66,0.11,0.66
2026-09-15T10:20:53.923,78552,126624,3932060,458540,2097152,252360.02,0,0,25.49,0,0,0.09,0.64,0.09,0.64
2026-09-15T10:20:54.987,70812,118884,3939800,458540,2097152,58866.34,0,0,5.88,0,0,0.09,0.64,0.09,0.64
2026-09-15T10:20:56.001,69148,117220,3941464,458540,2097152,205071.77,0,0,20.25,0,0,0.07,0.62,0.07,0.62
2026-09-15T10:20:57.040,69632,117580,3940980,458540,2097152,245776.4,0,0,25.48,327119.41,0,0.07,0.62,0.07,0.62
2026-09-15T10:20:58.118,71120,119068,3939492,458540,2097152,21499.77,0,0,3.0,0,0,0.06,0.6,0.06,0.6
2026-09-15T10:20:59.140,53880,101828,3956732,458540,2097152,230257.52,0,0,24.51,0,0,0.06,0.6,0.06,0.6
2026-09-15T10:21:00.173,71144,119136,3939468,463372,2097152,236326.07,0,1169.16,25.42,0,4788897.57,0.05,0.58,0.05,0.58
2026-09-15T10:21:01.183,74560,122552,3936052,463372,2097152,7006.7,0,0,0.99,0,0,0.05,0.58,0.05,0.58
2026-09-15T10:21:02.212,74476,122408,3936136,463372,2097152,221679.48,0,0,24.51,35823.85,0,0.04,0.56,0.04,0.56
2026-09-15T10:21:03.238,74324,122256,3936288,463372,2097152,240694.45,0,0,24.88,0,0,0.04,0.56,0.04,0.56
2026-09-15T10:21:04.245,78616,126548,3931996,463372,2097152,11146.21,0,0,1.73,0,0,0.03,0.54,0.03,0.54
2026-09-15T10:21:05.261,74748,122680,3935864,463372,2097152,224764.73,0,0,24.08,0,0,0.03,0.54,0.03,0.54
2026-09-15T10:21:06.282,59132,107064,3951480,463372,2097152,232557.69,0,0,25.61,0,0,0.03,0.54,0.03,0.54
2026-09-15T10:21:07.293,72068,120000,3938544,463372,2097152,20374.72,0,0,2.47,0,0,0.02,0.52,0.02,0.52
2026-09-15T10:21:08.311,71092,119024,3939520,463372,2097152,236488.9,0,0,22.91,0,0,0.02,0.52,0.02,0.52
2026-09-15T10:21:09.330,33308,81280,3977304,468316,2097152,232063.68,0,1213.2,26.03,0,5001450.08,0.02,0.51,0.02,0.51
2026-09-15T10:21:07.838,39968,87940,3970644,468316,2097152,9209.1,0,0,1.49,0,0,0.02,0.51,0.02,0.51
2026-09-15T10:21:08.858,74988,122960,3935624,468316,2097152,230964.49,0,0,24.51,0,0,0.01,0.49,0.01,0.49
2026-09-15T10:21:09.862,75564,123536,3935048,468316,2097152,249917.96,0,0,24.81,0,0,0.01,0.49,0.01,0.49
2026-09-15T10:21:10.878,79332,127304,3931280,468316,2097152,4902.65,0,0,0.49,0,0,0.01,0.47,0.01,0.47
2026-09-15T10:21:11.890,71112,119084,3939500,468316,2097152,248069.36,0,0,25.55,0,4047.55,0.01,0.47,0.01,0.47
2026-09-15T10:21:12.897,75520,123492,3935092,468316,2097152,228807.55,0,0,23.76,0,0,0.01,0.46,0.01,0.46
2026-09-15T10:21:13.908,72484,120456,3938128,468316,2097152,17321.09,0,0,1.73,0,20248.64,0.01,0.46,0.01,0.46
2026-09-15T10:21:14.921,72232,120204,3938380,468316,2097152,245447.63,0,0,25.37,0,0,0.0,0.44,0.0,0.44
2026-09-15T10:21:15.936,73848,120580,3936764,468316,2097152,217044.72,0,0,22.06,2568452.45,0,0.0,0.44,0.0,0.44
2026-09-15T10:21:16.953,33912,80644,3976700,468316,2097152,12589.13,0,0,2.21,0,0,0.0,0.43,0.0,0.43
2026-09-15T10:21:17.957,33792,80524,3976820,468316,2097152,260470.82,0,0,24.81,0,0,0.0,0.43,0.0,0.43
2026-09-15T10:21:18.971,38932,85664,3971680,468316,2097152,209380.96,0,0,21.62,0,0,0.0,0.43,0.0,0.43
2026-09-15T10:21:19.975,52448,99180,3958164,468316,2097152,20796.88,0,0,2.0,0,0,0.0,0.41,0.0,0.41
2026-09-15T10:21:20.980,49328,96060,3961284,468316,2097152,231270.2,0,0,25.5,0,0,0.0,0.41,0.0,0.41
2026-09-15T10:21:21.986,53592,100324,3957020,468316,2097152,231391.76,0,0,25.06,0,0,0.0,0.4,0.0,0.4
2026-09-15T10:21:22.992,59900,106632,3950712,468316,2097152,174.98,0,0,0.5,0,0,0.0,0.4,0.0,0.4
2026-09-15T10:21:23.997,61380,108112,3949232,468316,2097152,240631.99,0,0,25.12,0,0,0.0,0.39,0.0,0.39
2026-09-15T10:21:25.002,64124,110856,3946488,468316,2097152,217008.53,0,0,25.19,0,0,0.0,0.39,0.0,0.39
2026-09-15T10:21:26.077,64252,110984,3946360,468316,2097152,24740.11,0,0,2.79,0,0,0.0,0.37,0.0,0.37
2026-09-15T10:21:27.083,33804,80536,3976808,468316,2097152,215637.33,0,0,23.88,0,0,0.0,0.37,0.0,0.37
2026-09-15T10:21:28.087,35232,81964,3975380,468316,2097152,235230.49,0,0,25.19,0,0,0.0,0.36,0.0,0.36
2026-09-15T10:21:29.097,44148,90880,3966464,468312,2097152,33014.05,1.98,0,3.71,8110.94,0,0.0,0.36,0.0,0.36
2026-09-15T10:21:30.148,47080,93812,3963532,468312,2097152,196143.05,0,0,22.09,0,0,0.0,0.35,0.0,0.35
2026-09-15T10:21:31.154,43860,90592,3966752,468312,2097152,196401.3,0,0,25.5,0,0,0.0,0.35,0.0,0.35
2026-09-15T10:21:32.208,55668,102400,3954944,468312,2097152,78443.83,0,0,9.24,0,0,0.0,0.34,0.0,0.34
2026-09-15T10:21:33.211,35664,82396,3974948,468312,2097152,132001.08,0,0,16.42,0,0,0.0,0.34,0.0,0.34
2026-09-15T10:21:34.216,36024,82756,3974588,468312,2097152,218881.18,0,0,25.0,0,0,0.0,0.34,0.0,0.34
2026-09-15T10:21:35.247,40456,87188,3970156,468312,2097152,130086.91,0,0,16.02,0,0,0.0,0.32,0.0,0.32
2026-09-15T10:21:36.276,52100,98832,3958512,468312,2097152,0,0,0,0.24,0,0,0.0,0.32,0.0,0.32
2026-09-15T10:21:37.294,56812,103544,3953800,468312,2097152,0,0,0,0.25,0,0,0.0,0.31,0.0,0.31
2026-09-15T10:21:38.325,60808,107540,3949804,468312,2097152,0,0,0,0.0,0,31760.83,0.0,0.31,0.0,0.31
2026-09-15T10:21:39.330,70320,117016,3940292,468312,2097152,0,0,0,0.0,0,0,0.0,0.3,0.0,0.3
2026-09-15T10:21:37.839,78520,125216,3932092,468312,2097152,8.85,0,0,0.25,0,0,0.0,0.3,0.0,0.3
2026-09-15T10:21:38.863,81312,128008,3929300,468312,2097152,0,0,0,0.0,0,0,0.0,0.29,0.0,0.29
2026-09-15T10:21:39.883,85676,132372,3924936,468312,2097152,0,0,0,0.24,0,0,0.0,0.29,0.0,0.29
2026-09-15T10:21:40.904,88120,134816,3922492,468312,2097152,0,0,0,0.25,0,0,0.0,0.28,0.0,0.28
2026-09-15T10:21:41.914,95024,141720,3915588,468312,2097152,0,0,0,0.0,0,4058.45,0.0,0.28,0.0,0.28
2026-09-15T10:21:42.921,98376,145072,3912236,468312,2097152,0,0,0,0.0,0,0,0.0,0.27,0.0,0.27
2026-09-15T10:21:43.938,91424,138116,3919188,468312,2097152,0,0,0,0.49,0,20131.66,0.0,0.27,0.0,0.27
2026-09-15T10:21:44.955,91472,138164,3919140,468312,2097152,0,0,0,0.0,0,0,0.0,0.26,0.0,0.26
2026-09-15T10:21:45.958,93716,140408,3916896,468312,2097152,0,0,0,0.0,0,0,0.0,0.26,0.0,0.26
2026-09-15T10:21:46.965,95572,142264,3915040,468312,2097152,0,0,0,0.25,0,0,0.0,0.25,0.0,0.25
2026-09-15T10:21:47.968,95572,142264,3915040,468312,2097152,0,0,0,0.0,0,0,0.0,0.25,0.0,0.25
2026-09-15T10:21:48.974,95572,142264,3915040,468312,2097152,0,0,0,0.25,0,0,0.0,0.25,0.0,0.25
2026-09-15T10:21:49.978,95572,142264,3915040,468312,2097152,0,0,0,0.0,0,0,0.0,0.25,0.0,0.25
2026-09-15T10:21:50.985,95572,142264,3915040,468312,2097152,0,0,0,0.0,0,0,0.0,0.25,0.0,0.25
2026-09-15T10:21:51.995,96000,142072,3914612,468312,2097152,5.94,0,0,0.0,1330676.97,0,0.0,0.24,0.0,0.24
2026-09-15T10:21:53.018,96000,142072,3914612,468312,2097152,0,0,0,0.0,0,0,0.0,0.24,0.0,0.24
2026-09-15T10:21:54.046,96000,142072,3914612,468312,2097152,0,0,0,0.0,0,0,0.0,0.23,0.0,0.23
2026-09-15T10:21:55.050,96000,142072,3914612,468312,2097152,0,0,0,0.0,0,0,0.0,0.23,0.0,0.23
2026-09-15T10:21:56.060,96000,142072,3914612,468312,2097152,0,0,0,0.25,0,0,0.0,0.22,0.0,0.22
2026-09-15T10:21:57.066,96000,142072,3914612,468312,2097152,0,0,0,0.0,0,0,0.0,0.22,0.0,0.22
2026-09-15T10:21:58.072,96000,142072,3914612,468312,2097152,0,0,0,0.25,0,0,0.0,0.21,0.0,0.21
2026-09-15T10:21:59.076,96000,142072,3914612,468312,2097152,0,0,0,0.25,0,0,0.0,0.21,0.0,0.21
2026-09-15T10:22:00.082,96000,142072,3914612,468312,2097152,0,0,0,0.0,0,0,0.0,0.21,0.0,0.21
2026-09-15T10:22:01.089,96000,142072,3914612,468312,2097152,0,0,0,0.25,0,0,0.0,0.21,0.0,0.21
2026-09-15T10:22:02.096,96000,142072,3914612,468312,2097152,0,0,0,0.0,0,0,0.0,0.21,0.0,0.21
2026-09-15T10:22:03.109,96000,142072,3914612,468312,2097152,0,0,0,0.0,0,0,0.0,0.2,0.0,0.2
2026-09-15T10:22:04.117,3578392,3624464,432220,92024,2097152,436.38,437.37,0,16.05,1795537.48,0,0.0,0.2,0.0,0.2
2026-09-15T10:22:05.142,3625412,3670084,385200,88484,2097152,546.75,418.85,0,1.46,4634951.12,0,0.0,0.19,0.0,0.19
2026-09-15T10:22:06.159,3625540,3670152,385072,88484,2097152,0,0,0,1.25,0,0,0.0,0.19,0.0,0.19
2026-09-15T10:22:07.183,3625540,3670152,385072,88484,2097152,0,0,0,0.0,0,0,0.0,0.19,0.0,0.19
2026-09-15T10:22:08.195,3625736,3670348,384876,88484,2097152,0,0,0,0.75,0,0,0.0,0.19,0.0,0.19
2026-09-15T10:22:09.220,3626120,3670732,384492,88484,2097152,0,0,0,0.24,0,31977.31,0.0,0.18,0.0,0.18
2026-09-15T10:22:07.717,3626120,3670732,384492,88484,2097152,7.87,0,0,1.24,0,0,0.0,0.18,0.0,0.18
